---1_cCGK4M,0,10,"/m/01g50p,/m/0284vy3,/m/06d_3,/m/07jdr,/m/07rwm0c"
---2_BBVHAA,30,40,/m/09x0r
---B_v8ZoBY,30,40,/m/04rlf
---EDNidJUA,30,40,"/m/02qldy,/m/02zsn,/m/05zppz,/m/09x0r"
---N4cFAE1A,21,31,"/m/04rlf,/m/09x0r"
---fcVQUf3E,30,40,"/m/019jd,/m/07yv9"
---g9OGAhwc,30,40,"/m/04rlf,/m/0c1dj"
---lTs1dxhU,30,40,"/m/012f08,/m/07yv9,/m/0k4j,/t/dd00134"
---mO--kRQk,30,40,/m/04rlf
---qub7uxgs,30,40,/m/09x0r
---yQzzLcFU,30,40,/t/dd00067
--04kMEQOAs,0,10,"/m/06h7j,/m/09x0r"
--0AzKXCHj8,22,32,/m/04rlf
--0B3G_C3qc,10,20,/m/09x0r
--0CNhurbZE,30,40,/m/09x0r
--0F7kbzAMA,30,40,/m/09x0r
--0FMNFsVeg,30,40,"/m/018vs,/m/0342h,/m/04rlf,/m/04szw"
--0MF9K5N30,30,40,/m/09x0r
--0Oh0JxzjQ,30,40,"/m/0342h,/m/04rlf,/m/04szw,/m/0fx80y"
--0PQM4-hqg,30,40,"/m/07swgks,/m/0j2kx,/m/0j6m2"
--0XKTm28ts,50,60,/m/07yv9
--0_x3T5DQI,30,40,/m/04rlf
--0aJtOMp2M,30,40,"/m/04rlf,/m/09x0r"
--0bntG9i7E,30,40,/t/dd00004
--0fYwELbpk,30,40,"/m/04rlf,/m/0ggx5q"
--0fim4-6Ig,30,40,"/m/0342h,/m/04rlf,/m/04szw,/m/0fx80y"
--0pVlB7mQ8,30,40,/m/09x0r
--0ukMG7yH4,30,40,/m/09x0r
--0vTxLiRuQ,4,14,"/m/04rlf,/m/07s8j8t"
--0w1YA1Hm4,30,40,"/m/01bjv,/m/07yv9,/m/09x0r"
--11PIhoFjg,30,40,/m/07qmpdm
--12UOziMF0,30,40,"/m/07r04,/m/07yv9"
--18xICqMoU,30,40,"/m/04rlf,/m/09x0r"
--1Bi_4aXyU,30,40,/m/09x0r
--1NzL0juik,30,40,"/m/026t6,/m/02hnl,/m/04rlf,/m/04szw,/m/0bm02"
--1QYEYcVBs,30,40,"/m/04rlf,/m/09x0r"
--1UKJ18WMQ,30,40,"/m/0342h,/m/042v_gx,/m/04rlf,/m/04szw,/m/0fx80y"
--1XHaNcX2Y,50,60,"/m/015lz1,/m/0164x2,/m/04rlf"
--1l6WGE7AU,30,40,"/m/02qldy,/m/05zppz,/m/09x0r"
--1lWqRXR_Q,30,40,"/m/04rlf,/m/09x0r"
--1nnAww5MY,170,180,/m/09x0r
--1rvyPa8UM,40,50,"/m/04rlf,/m/0glt670"
--1yd6dcNOQ,30,40,"/m/04rlf,/m/09x0r"
--23nKOwPzs,30,40,"/m/04rlf,/t/dd00003"
--24LG2mr-Y,8,18,"/m/04rlf,/t/dd00004"
--26Q_d1ooU,30,40,"/m/04rlf,/m/09x0r"
--27rbu__kM,30,40,/m/09x0r
--296-zXH3I,30,40,/m/09x0r
--299m5_DdE,0,5,"/m/07swgks,/m/0j2kx"
--2AZr9PIH8,27,37,"/m/04rlf,/m/09x0r"
--2ENPwFQLY,30,40,/m/09x0r
--2H9Dj9eMY,30,40,"/m/07yv9,/m/0k5j"
--2U9LPjlpk,10,20,"/m/09x0r,/m/0ytgt,/t/dd00125"
--2URMA4_Gw,30,40,/m/04rlf
--2V5hlNctI,30,40,"/m/04rlf,/m/09x0r"
--2XRMjyizo,0,10,"/m/015p6,/m/020bb7,/m/07pggtn"
--2iIT25cNE,30,40,"/m/04rlf,/m/04szw,/m/0cfdd"
--2shonBZTc,30,40,/m/09x0r
--2u0ZyO3x0,30,40,"/m/03m9d0z,/t/dd00092"
--2zH6Gmu0Q,30,40,/m/02y_763
--30J4RIDXs,30,40,/m/09x0r
--32cTwWz9M,30,40,/m/09x0r
--330hg-Ocw,30,40,"/m/02mk9,/m/07yv9,/m/0k4j,/t/dd00066,/t/dd00130"
--34LejG4cE,20,30,"/m/01kcd,/m/07c6l"
--385LpykT0,40,50,"/m/02lkt,/m/04rlf,/m/0fd3y,/m/0l14qv"
--3FNDQ-EfE,30,40,/m/04rlf
--3HEtfRe4I,220,230,"/m/015lz1,/m/04rlf,/t/dd00126"
--3IH5T6S0E,30,40,"/m/04rlf,/m/09x0r"
--3ObPi3Ygc,30,40,"/m/04rlf,/m/09x0r"
--3Po5mqhJg,30,40,"/m/04rlf,/m/05pd6"
--3SH5_r-BU,30,40,/m/09x0r
--3SMQlk4Y8,520,530,"/m/09x0r,/t/dd00125"
--3T7dwFLjU,30,40,/m/09x0r
--3flh9REUI,30,40,"/m/04rlf,/t/dd00034"
--3hodJyWWM,20,30,/m/04rlf
--3jW_uh2Pk,340,350,"/m/04rlf,/m/0fd3y"
--3lOAqWlwI,30,40,/m/04rlf
--3mqI-rLFQ,30,40,/m/09x0r
--4-JKDyLGg,80,90,"/m/0342h,/m/04rlf,/m/04szw,/m/0fx80y,/t/dd00125"
--42a6bv16w,30,40,"/m/02qldy,/m/04rlf,/m/05zppz,/m/09x0r"
--44ksVCX4g,130,140,/m/09x0r
--46xGNV1H0,30,40,/t/dd00067
--4AZakCudI,30,40,/m/09x0r
--4CM0LIKBA,30,40,/m/09x0r
--4G-oot8ww,30,40,/m/09x0r
--4L-eLH27c,30,40,/m/09x0r
--4QdQLdWuQ,19,29,/m/09x0r
--4WSmaPiiM,30,40,"/m/04rlf,/m/0l14jd"
--4XCYPABls,30,40,/m/09x0r
--4Zxt4o1L4,20,30,/m/09x0r
--4cSNijC4I,30,40,/m/09x0r
--4iCrbXlas,30,40,"/m/04rlf,/m/09x0r"
--4kp9W7cNY,160,170,"/m/015lz1,/m/06cqb"
--4nvAAXWZw,450,460,/m/09x0r
--4qMR9M6tQ,30,40,"/m/04rlf,/t/dd00004"
--4r-bP8sfE,30,40,/m/04rlf
--4rtcXPH0c,30,40,/m/04rlf
--4uJNO9DXM,30,40,/m/09x0r
--51d28O-tM,30,40,"/m/09x0r,/t/dd00003"
--54f03jfPc,30,40,"/m/04rlf,/m/09x0r"
